-- 1. CLEANUP (Optional: Runs in order of dependency)
TRUNCATE pa.comments, pa.maintenance, pa.users CASCADE;

-- 2. FILL pa.users (Profiles)
INSERT INTO pa.users (username, first_name, last_name, email) VALUES
('pak_student', 'Ahmed', 'Khan', 'ahmed.k@nova.pt'),
('saba_f', 'Saba', 'Fatima', 'saba.f@nova.pt'),
('adebola_v', 'Adebola', 'Vanguard', 'adebola.v@nova.pt'),
('christian_g', 'Christian', 'Gomez', 'christian.g@nova.pt'),
('nature_fan', 'Maria', 'Silva', 'maria.s@example.pt'),
('city_worker', 'João', 'Santos', 'joao.s@lisboa.pt'),
('tree_checker', 'Sofia', 'Mendes', 'sofia.m@example.com'),
('botany_pro', 'Elena', 'Vasco', 'elena.v@ulisboa.pt');


INSERT INTO pa.maintenance (tree_id, op_code, observation, officer, maint_date) VALUES
(1, 4, 'Routine check, tree appears healthy.', 'Inspector John', '2026-01-10'),
(1, 1, 'Crown thinning performed.', 'Arbor Team A', '2026-02-05'),
(1, 2, 'Applied eco-friendly pesticide.', 'Pest Control Div', '2026-01-20'),
(1, 6, 'Initial planting in urban zone.', 'Green Lisbon Team', '2024-11-15'),
(1, 3, 'High-nitrogen fertilizer applied.', 'Maintenance Crew', '2026-02-12'),
(2, 3, 'Winter fertilization cycle.', 'Maintenance Crew', '2025-12-01'),
(2, 4, 'Visual inspection for fungus.', 'Inspector Mary', '2026-01-05'),
(2, 1, 'Deadwood removal.', 'Arbor Team B', '2026-01-15'),
(3, 2, 'Aphid infestation treated.', 'Pest Control Div', '2026-01-20'),
(3, 4, 'Post-infestation monitoring.', 'Inspector John', '2026-02-01'),
(4, 6, 'New planting near Metro station.', 'Green Lisbon Team', '2025-03-10'),
(4, 3, 'Spring fertilization.', 'Maintenance Crew', '2026-02-15'),
(5, 4, 'No issues found.', 'Inspector Mary', '2026-02-11'),
(5, 1, 'Light pruning for pedestrian clearance.', 'Arbor Team A', '2026-02-14'),
(6, 6, 'Replacement tree planted.', 'Green Lisbon Team', '2025-05-20'),
(6, 4, 'Structural stability test.', 'Inspector John', '2026-02-10'),
(7, 2, 'Root zone treatment.', 'Pest Control Div', '2026-01-25'),
(7, 4, 'Healthy growth noted.', 'Inspector Mary', '2026-02-10'),
(8, 6, 'Replacement tree planted.', 'Green Lisbon Team', '2024-11-15'),
(8, 3, 'Nutrient injection.', 'Maintenance Crew', '2026-01-30'),
(9, 1, 'Emergency branch removal after wind.', 'Arbor Team B', '2026-01-02'),
(9, 4, 'Recovery assessment.', 'Inspector John', '2026-01-15'),
(10, 3, 'Soil nutrients replenished.', 'Maintenance Crew', '2026-02-12'),
(11, 6, 'Park expansion planting.', 'Green Lisbon Team', '2025-11-01'),
(11, 4, 'Initial growth check.', 'Inspector Mary', '2025-12-15'),
(12, 4, 'Height measurement updated.', 'Inspector Mary', '2026-02-16'),
(12, 1, 'Lower branch lifting.', 'Arbor Team A', '2026-02-20'),
(13, 1, 'Aesthetic shaping.', 'Arbor Team A', '2026-02-17'),
(13, 2, 'Mildew treatment.', 'Pest Control Div', '2026-02-21'),
(14, 2, 'Termite prevention barrier.', 'Pest Control Div', '2026-01-12'),
(14, 4, 'Barrier integrity check.', 'Inspector John', '2026-02-15'),
(15, 6, 'Commemorative tree planting.', 'Green Lisbon Team', '2025-12-20'),
(15, 3, 'Initial mulching.', 'Maintenance Crew', '2026-01-05'),
(16, 4, 'Disease screening - negative.', 'Inspector John', '2026-02-18'),
(16, 1, 'Crown reduction.', 'Arbor Team B', '2026-02-22'),
(17, 3, 'Organic compost top-dress.', 'Maintenance Crew', '2026-02-19'),
(18, 6, 'Urban heat island mitigation planting.', 'Green Lisbon Team', '2026-01-10'),
(18, 4, 'Hydration levels checked.', 'Inspector Mary', '2026-02-05'),
(19, 1, 'Pruning for street light visibility.', 'Arbor Team A', '2026-02-23'),
(19, 3, 'Iron supplement applied.', 'Maintenance Crew', '2026-02-24'),
(20, 6, 'New sapling in Alvalade.', 'Green Lisbon Team', '2026-02-01'),
(20, 4, 'Protective cage installed.', 'Maintenance Crew', '2026-02-02'),
(3, 1, 'Annual safety pruning.', 'Arbor Team B', '2026-02-25'),
(5, 2, 'Spider mite control.', 'Pest Control Div', '2026-02-26'),
(7, 3, 'Potassium-rich feed.', 'Maintenance Crew', '2026-02-27'),
(9, 6, 'Dead tree replacement.', 'Green Lisbon Team', '2026-03-01'),
(2, 6, 'Historical record update.', 'Admin', '2024-01-01'),
(10, 1, 'Pruning near power lines.', 'Arbor Team A', '2026-03-02'),
(11, 2, 'Fungicide application.', 'Pest Control Div', '2026-03-03'),
(13, 4, 'Leaf health analysis.', 'Inspector John', '2026-03-04'),
(15, 4, 'Post-planting vigor test.', 'Inspector Mary', '2026-03-05'),
(17, 1, 'Structural training of young tree.', 'Arbor Team B', '2026-03-06'),
(18, 2, 'Dormant oil spray.', 'Pest Control Div', '2026-03-07'),
(20, 3, 'Liquid seaweed extract spray.', 'Maintenance Crew', '2026-03-08'),
(4, 4, 'Bi-annual health audit.', 'Inspector John', '2026-03-09'),
(12, 6, 'Registration in GreenGrid.', 'Admin', '2026-01-15'),
(1, 5, 'Vandalism repair on bark.', 'Maintenance Crew', '2026-03-10'),
(6, 3, 'Slow-release fertilizer spikes.', 'Maintenance Crew', '2026-03-11'),
(8, 4, 'Stability check after heavy rain.', 'Inspector Mary', '2026-03-12'),
(14, 1, 'Pollarding for management.', 'Arbor Team A', '2026-03-13');

INSERT INTO pa.comments (username, tree_id, comment, created_at) VALUES
('pak_student', 5, 'Checking the cork oak on campus today. Looks healthy.', '2026-02-13 09:00:00'),
('saba_f', 1, 'The Olea europaea is ancient and beautiful.', '2026-02-14 10:15:00'),
('adebola_v', 10, 'Data collection for my GIS project is going well.', '2026-02-14 11:30:00'),
('christian_g', 3, 'Observed some discoloration on the leaves.', '2026-02-14 12:45:00'),
('nature_fan', 1, 'The old olive tree is looking great after pruning.', '2026-02-12 14:30:00'),
('tree_checker', 3, 'Found some issues with the bark.', '2026-01-18 10:15:00'),
('city_worker', 10, 'Young tree in Belém, watering completed.', '2026-02-12 17:00:00'),
('pak_student', 2, 'Jacarandas in Av. Liberdade are iconic.', '2026-02-10 12:00:00'),
('saba_f', 4, 'Taking photos of the new planting near the Metro.', '2026-02-15 09:00:00'),
('adebola_v', 5, 'Verified coordinates of this Quercus suber.', '2026-02-15 10:30:00'),
('christian_g', 12, 'Tallest specimen in this sector.', '2026-02-15 14:00:00'),
('botany_pro', 1, 'Excellent specimen for research.', '2026-02-16 08:00:00'),
('nature_fan', 1, 'Perfect shade for a summer afternoon.', '2026-02-13 10:00:00'),
('city_worker', 1, 'Verified the species; it is indeed Olea.', '2026-02-13 11:30:00'),
('pak_student', 1, 'New growth on lower branches.', '2026-02-13 12:45:00'),
('saba_f', 8, 'Planted recently, looks like it is taking root.', '2026-02-16 11:00:00'),
('adebola_v', 2, 'Noted some trash around the base, cleared it.', '2026-02-16 12:15:00'),
('christian_g', 6, 'Replacement tree is slightly leaning.', '2026-02-16 15:45:00'),
('tree_checker', 1, 'Great spot to study near NOVA IMS.', '2026-02-13 14:20:00'),
('city_worker', 1, 'Protect these monumental olive trees.', '2026-02-13 15:10:00'),
('nature_fan', 1, 'Landmark for my morning jogs.', '2026-02-13 16:30:00'),
('nature_fan', 5, 'Bark harvesting is very cool to see.', '2026-02-12 09:00:00'),
('saba_f', 15, 'Beautiful commemorative tree.', '2026-02-17 10:00:00'),
('adebola_v', 18, 'Useful for urban heat island analysis.', '2026-02-17 12:00:00'),
('christian_g', 20, 'Sapling looks protected by the cage.', '2026-02-17 13:30:00'),
('botany_pro', 4, 'Excellent microclimate suitability.', '2026-02-14 13:00:00'),
('pak_student', 14, 'Pollarding seems extreme but necessary here.', '2026-03-14 09:00:00'),
('saba_f', 13, 'Pruning was done very professionally.', '2026-02-17 16:50:00'),
('adebola_v', 17, 'Sampling soil for the lab today.', '2026-02-18 12:00:00'),
('christian_g', 9, 'The storm damage has been cleared.', '2026-01-03 09:00:00'),
('nature_fan', 11, 'Beautiful fall colors!', '2025-11-15 14:00:00'),
('tree_checker', 7, 'Monitoring for stress signs.', '2026-01-26 15:30:00'),
('pak_student', 1, 'Tree is budding earlier than last year.', '2026-02-19 08:30:00'),
('saba_f', 2, 'Purple blossoms are finally appearing!', '2026-02-19 09:45:00'),
('adebola_v', 3, 'Pest control seems to have worked well.', '2026-02-19 11:00:00'),
('christian_g', 4, 'Checking solar radiation under the canopy.', '2026-02-19 13:15:00'),
('nature_fan', 7, 'I love the scent of this tree in the morning.', '2026-02-20 07:30:00'),
('tree_checker', 10, 'Growth rate is exceeding expectations.', '2026-02-20 09:00:00'),
('city_worker', 15, 'Mulch refreshed to retain moisture.', '2026-02-20 10:30:00'),
('botany_pro', 19, 'Iron deficiency seems resolved.', '2026-02-25 14:00:00'),
('pak_student', 20, 'First leaf on the new sapling!', '2026-02-26 09:00:00'),
('saba_f', 11, 'So peaceful to sit under this tree.', '2026-02-26 12:00:00'),
('adebola_v', 12, 'GPS signal is a bit weak under this dense crown.', '2026-02-27 10:00:00'),
('christian_g', 14, 'Measuring the light interception here.', '2026-02-27 15:00:00'),
('nature_fan', 16, 'This tree is looking much healthier now.', '2026-02-28 11:00:00'),
('tree_checker', 18, 'Dormant oil spray was effective.', '2026-03-08 09:00:00'),
('city_worker', 5, 'Vandalism noted on the plaque, reported.', '2026-03-10 08:00:00'),
('pak_student', 9, 'Success! The replacement tree is thriving.', '2026-03-11 14:00:00'),
('saba_f', 5, 'The cork bark feels so unique.', '2026-03-12 10:00:00'),
('adebola_v', 1, 'Testing a new sensor on this monumental tree.', '2026-03-13 13:00:00'),
('christian_g', 7, 'Root zone appears stable now.', '2026-03-14 16:00:00'),
('nature_fan', 19, 'Beautiful blossoms in the evening light.', '2026-03-15 18:30:00'),
('tree_checker', 13, 'Leaf analysis shows no nutrient deficiencies.', '2026-03-16 09:00:00'),
('city_worker', 17, 'Training the branches for better structure.', '2026-03-17 07:00:00'),
('botany_pro', 10, 'Comparing this to the Belém control group.', '2026-03-18 11:00:00'),
('pak_student', 4, 'Taking final measurements for the semester.', '2026-03-19 14:00:00'),
('saba_f', 3, 'Watering this one as it looks a bit dry.', '2026-03-20 09:30:00'),
('adebola_v', 15, 'Tree has grown 5cm since last month!', '2026-03-21 11:00:00'),
('christian_g', 8, 'Soil moisture levels are optimal.', '2026-03-22 15:00:00'),
('nature_fan', 20, 'Growing so fast, little tree!', '2026-03-23 10:00:00');